clip_id,set_id,set_name,class,description,dramatic_use,camera_behavior,duration_seconds,looping,fps,master_resolution,character_safe_area,foreground_motion,background_motion,lighting_change,weather_fx,sound_suggestion,required_source_art,generation_method,visualizer_compatibility,transition_requirement,status
JV-TWN-CLP-MIC-DAY-SUM-V001,JV-TWN,Joeville Town,micro insert,Joeville Town micro insert,"overview, montage, geographic orientation",subtle local action,3,non-looping,24,3840x2160,center/lower stage remains unobstructed; follow matching still master,separate optional pass,wind/water/practicals as applicable,none for loops; motivated only for transition,separate optional pass,location-authentic townwide ambience,approved layered master plus clean plate,2.5D multiplane or controlled video generation,"REQUIRES RUNTIME UPGRADE: current verified runtime accepts procedural cell frames, not environment video",first/last frames match for loops; 8-frame handles for editorial,PLANNED-NOT-CREATED
JV-TWN-CLP-EST-DAY-SUM-V001,JV-TWN,Joeville Town,establishing move,Joeville Town establishing move,"overview, montage, geographic orientation",slow push or drift,8,non-looping,24,3840x2160,center/lower stage remains unobstructed; follow matching still master,separate optional pass,wind/water/practicals as applicable,none for loops; motivated only for transition,separate optional pass,location-authentic townwide ambience,approved layered master plus clean plate,2.5D multiplane or controlled video generation,"REQUIRES RUNTIME UPGRADE: current verified runtime accepts procedural cell frames, not environment video",first/last frames match for loops; 8-frame handles for editorial,PLANNED-NOT-CREATED
JV-TWN-CLP-AMB-DAY-SUM-V001,JV-TWN,Joeville Town,ambient loop,Joeville Town ambient loop,"overview, montage, geographic orientation","foliage, water, practical light only",16,seamless,24,3840x2160,center/lower stage remains unobstructed; follow matching still master,separate optional pass,wind/water/practicals as applicable,none for loops; motivated only for transition,separate optional pass,location-authentic townwide ambience,approved layered master plus clean plate,2.5D multiplane or controlled video generation,"REQUIRES RUNTIME UPGRADE: current verified runtime accepts procedural cell frames, not environment video",first/last frames match for loops; 8-frame handles for editorial,PLANNED-NOT-CREATED
JV-TWN-CLP-DLG-DAY-SUM-V001,JV-TWN,Joeville Town,dialogue loop,Joeville Town dialogue loop,"overview, montage, geographic orientation",very low-amplitude background motion,24,seamless,24,3840x2160,center/lower stage remains unobstructed; follow matching still master,separate optional pass,wind/water/practicals as applicable,none for loops; motivated only for transition,separate optional pass,location-authentic townwide ambience,approved layered master plus clean plate,2.5D multiplane or controlled video generation,"REQUIRES RUNTIME UPGRADE: current verified runtime accepts procedural cell frames, not environment video",first/last frames match for loops; 8-frame handles for editorial,PLANNED-NOT-CREATED
JV-TWN-CLP-LONG-DAY-SUM-V001,JV-TWN,Joeville Town,long environmental loop,Joeville Town long environmental loop,"overview, montage, geographic orientation",meditative non-distracting motion,45,seamless,24,3840x2160,center/lower stage remains unobstructed; follow matching still master,separate optional pass,wind/water/practicals as applicable,none for loops; motivated only for transition,separate optional pass,location-authentic townwide ambience,approved layered master plus clean plate,2.5D multiplane or controlled video generation,"REQUIRES RUNTIME UPGRADE: current verified runtime accepts procedural cell frames, not environment video",first/last frames match for loops; 8-frame handles for editorial,PLANNED-NOT-CREATED
JV-TWN-CLP-TRV-DAY-SUM-V001,JV-TWN,Joeville Town,travel transition,Joeville Town travel transition,"overview, montage, geographic orientation",forward or lateral camera travel,10,non-looping,24,3840x2160,center/lower stage remains unobstructed; follow matching still master,separate optional pass,wind/water/practicals as applicable,none for loops; motivated only for transition,separate optional pass,location-authentic townwide ambience,approved layered master plus clean plate,2.5D multiplane or controlled video generation,"REQUIRES RUNTIME UPGRADE: current verified runtime accepts procedural cell frames, not environment video",first/last frames match for loops; 8-frame handles for editorial,PLANNED-NOT-CREATED
JV-COF-CLP-MIC-DAY-SUM-V001,JV-COF,Lantern & Lark Coffee,micro insert,Lantern & Lark Coffee micro insert,"intimacy, work, comic ordering",subtle local action,3,non-looping,24,3840x2160,center/lower stage remains unobstructed; follow matching still master,separate optional pass,wind/water/practicals as applicable,none for loops; motivated only for transition,separate optional pass,location-authentic downtown ambience,approved layered master plus clean plate,2.5D multiplane or controlled video generation,"REQUIRES RUNTIME UPGRADE: current verified runtime accepts procedural cell frames, not environment video",first/last frames match for loops; 8-frame handles for editorial,PLANNED-NOT-CREATED
JV-COF-CLP-EST-DAY-SUM-V001,JV-COF,Lantern & Lark Coffee,establishing move,Lantern & Lark Coffee establishing move,"intimacy, work, comic ordering",slow push or drift,8,non-looping,24,3840x2160,center/lower stage remains unobstructed; follow matching still master,separate optional pass,wind/water/practicals as applicable,none for loops; motivated only for transition,separate optional pass,location-authentic downtown ambience,approved layered master plus clean plate,2.5D multiplane or controlled video generation,"REQUIRES RUNTIME UPGRADE: current verified runtime accepts procedural cell frames, not environment video",first/last frames match for loops; 8-frame handles for editorial,PLANNED-NOT-CREATED
JV-COF-CLP-AMB-DAY-SUM-V001,JV-COF,Lantern & Lark Coffee,ambient loop,Lantern & Lark Coffee ambient loop,"intimacy, work, comic ordering","foliage, water, practical light only",16,seamless,24,3840x2160,center/lower stage remains unobstructed; follow matching still master,separate optional pass,wind/water/practicals as applicable,none for loops; motivated only for transition,separate optional pass,location-authentic downtown ambience,approved layered master plus clean plate,2.5D multiplane or controlled video generation,"REQUIRES RUNTIME UPGRADE: current verified runtime accepts procedural cell frames, not environment video",first/last frames match for loops; 8-frame handles for editorial,PLANNED-NOT-CREATED
JV-COF-CLP-DLG-DAY-SUM-V001,JV-COF,Lantern & Lark Coffee,dialogue loop,Lantern & Lark Coffee dialogue loop,"intimacy, work, comic ordering",very low-amplitude background motion,24,seamless,24,3840x2160,center/lower stage remains unobstructed; follow matching still master,separate optional pass,wind/water/practicals as applicable,none for loops; motivated only for transition,separate optional pass,location-authentic downtown ambience,approved layered master plus clean plate,2.5D multiplane or controlled video generation,"REQUIRES RUNTIME UPGRADE: current verified runtime accepts procedural cell frames, not environment video",first/last frames match for loops; 8-frame handles for editorial,PLANNED-NOT-CREATED
JV-COF-CLP-LONG-DAY-SUM-V001,JV-COF,Lantern & Lark Coffee,long environmental loop,Lantern & Lark Coffee long environmental loop,"intimacy, work, comic ordering",meditative non-distracting motion,45,seamless,24,3840x2160,center/lower stage remains unobstructed; follow matching still master,separate optional pass,wind/water/practicals as applicable,none for loops; motivated only for transition,separate optional pass,location-authentic downtown ambience,approved layered master plus clean plate,2.5D multiplane or controlled video generation,"REQUIRES RUNTIME UPGRADE: current verified runtime accepts procedural cell frames, not environment video",first/last frames match for loops; 8-frame handles for editorial,PLANNED-NOT-CREATED
JV-COF-CLP-TRV-DAY-SUM-V001,JV-COF,Lantern & Lark Coffee,travel transition,Lantern & Lark Coffee travel transition,"intimacy, work, comic ordering",forward or lateral camera travel,10,non-looping,24,3840x2160,center/lower stage remains unobstructed; follow matching still master,separate optional pass,wind/water/practicals as applicable,none for loops; motivated only for transition,separate optional pass,location-authentic downtown ambience,approved layered master plus clean plate,2.5D multiplane or controlled video generation,"REQUIRES RUNTIME UPGRADE: current verified runtime accepts procedural cell frames, not environment video",first/last frames match for loops; 8-frame handles for editorial,PLANNED-NOT-CREATED
JV-CHA-CLP-MIC-DAY-SUM-V001,JV-CHA,Grace Meadow and Assembly Hall,micro insert,Grace Meadow and Assembly Hall micro insert,"community, picnics, trail departure",subtle local action,3,non-looping,24,3840x2160,center/lower stage remains unobstructed; follow matching still master,separate optional pass,wind/water/practicals as applicable,none for loops; motivated only for transition,separate optional pass,location-authentic meadow ambience,approved layered master plus clean plate,2.5D multiplane or controlled video generation,"REQUIRES RUNTIME UPGRADE: current verified runtime accepts procedural cell frames, not environment video",first/last frames match for loops; 8-frame handles for editorial,PLANNED-NOT-CREATED
JV-CHA-CLP-EST-DAY-SUM-V001,JV-CHA,Grace Meadow and Assembly Hall,establishing move,Grace Meadow and Assembly Hall establishing move,"community, picnics, trail departure",slow push or drift,8,non-looping,24,3840x2160,center/lower stage remains unobstructed; follow matching still master,separate optional pass,wind/water/practicals as applicable,none for loops; motivated only for transition,separate optional pass,location-authentic meadow ambience,approved layered master plus clean plate,2.5D multiplane or controlled video generation,"REQUIRES RUNTIME UPGRADE: current verified runtime accepts procedural cell frames, not environment video",first/last frames match for loops; 8-frame handles for editorial,PLANNED-NOT-CREATED
JV-CHA-CLP-AMB-DAY-SUM-V001,JV-CHA,Grace Meadow and Assembly Hall,ambient loop,Grace Meadow and Assembly Hall ambient loop,"community, picnics, trail departure","foliage, water, practical light only",16,seamless,24,3840x2160,center/lower stage remains unobstructed; follow matching still master,separate optional pass,wind/water/practicals as applicable,none for loops; motivated only for transition,separate optional pass,location-authentic meadow ambience,approved layered master plus clean plate,2.5D multiplane or controlled video generation,"REQUIRES RUNTIME UPGRADE: current verified runtime accepts procedural cell frames, not environment video",first/last frames match for loops; 8-frame handles for editorial,PLANNED-NOT-CREATED
JV-CHA-CLP-DLG-DAY-SUM-V001,JV-CHA,Grace Meadow and Assembly Hall,dialogue loop,Grace Meadow and Assembly Hall dialogue loop,"community, picnics, trail departure",very low-amplitude background motion,24,seamless,24,3840x2160,center/lower stage remains unobstructed; follow matching still master,separate optional pass,wind/water/practicals as applicable,none for loops; motivated only for transition,separate optional pass,location-authentic meadow ambience,approved layered master plus clean plate,2.5D multiplane or controlled video generation,"REQUIRES RUNTIME UPGRADE: current verified runtime accepts procedural cell frames, not environment video",first/last frames match for loops; 8-frame handles for editorial,PLANNED-NOT-CREATED
JV-CHA-CLP-LONG-DAY-SUM-V001,JV-CHA,Grace Meadow and Assembly Hall,long environmental loop,Grace Meadow and Assembly Hall long environmental loop,"community, picnics, trail departure",meditative non-distracting motion,45,seamless,24,3840x2160,center/lower stage remains unobstructed; follow matching still master,separate optional pass,wind/water/practicals as applicable,none for loops; motivated only for transition,separate optional pass,location-authentic meadow ambience,approved layered master plus clean plate,2.5D multiplane or controlled video generation,"REQUIRES RUNTIME UPGRADE: current verified runtime accepts procedural cell frames, not environment video",first/last frames match for loops; 8-frame handles for editorial,PLANNED-NOT-CREATED
JV-CHA-CLP-TRV-DAY-SUM-V001,JV-CHA,Grace Meadow and Assembly Hall,travel transition,Grace Meadow and Assembly Hall travel transition,"community, picnics, trail departure",forward or lateral camera travel,10,non-looping,24,3840x2160,center/lower stage remains unobstructed; follow matching still master,separate optional pass,wind/water/practicals as applicable,none for loops; motivated only for transition,separate optional pass,location-authentic meadow ambience,approved layered master plus clean plate,2.5D multiplane or controlled video generation,"REQUIRES RUNTIME UPGRADE: current verified runtime accepts procedural cell frames, not environment video",first/last frames match for loops; 8-frame handles for editorial,PLANNED-NOT-CREATED
JV-FAL-CLP-MIC-DAY-SUM-V001,JV-FAL,Joeville Falls,micro insert,Joeville Falls micro insert,"wonder, intimacy, reflection",subtle local action,3,non-looping,24,3840x2160,center/lower stage remains unobstructed; follow matching still master,separate optional pass,wind/water/practicals as applicable,none for loops; motivated only for transition,separate optional pass,location-authentic canyon ambience,approved layered master plus clean plate,2.5D multiplane or controlled video generation,"REQUIRES RUNTIME UPGRADE: current verified runtime accepts procedural cell frames, not environment video",first/last frames match for loops; 8-frame handles for editorial,PLANNED-NOT-CREATED
JV-FAL-CLP-EST-DAY-SUM-V001,JV-FAL,Joeville Falls,establishing move,Joeville Falls establishing move,"wonder, intimacy, reflection",slow push or drift,8,non-looping,24,3840x2160,center/lower stage remains unobstructed; follow matching still master,separate optional pass,wind/water/practicals as applicable,none for loops; motivated only for transition,separate optional pass,location-authentic canyon ambience,approved layered master plus clean plate,2.5D multiplane or controlled video generation,"REQUIRES RUNTIME UPGRADE: current verified runtime accepts procedural cell frames, not environment video",first/last frames match for loops; 8-frame handles for editorial,PLANNED-NOT-CREATED
JV-FAL-CLP-AMB-DAY-SUM-V001,JV-FAL,Joeville Falls,ambient loop,Joeville Falls ambient loop,"wonder, intimacy, reflection","foliage, water, practical light only",16,seamless,24,3840x2160,center/lower stage remains unobstructed; follow matching still master,separate optional pass,wind/water/practicals as applicable,none for loops; motivated only for transition,separate optional pass,location-authentic canyon ambience,approved layered master plus clean plate,2.5D multiplane or controlled video generation,"REQUIRES RUNTIME UPGRADE: current verified runtime accepts procedural cell frames, not environment video",first/last frames match for loops; 8-frame handles for editorial,PLANNED-NOT-CREATED
JV-FAL-CLP-DLG-DAY-SUM-V001,JV-FAL,Joeville Falls,dialogue loop,Joeville Falls dialogue loop,"wonder, intimacy, reflection",very low-amplitude background motion,24,seamless,24,3840x2160,center/lower stage remains unobstructed; follow matching still master,separate optional pass,wind/water/practicals as applicable,none for loops; motivated only for transition,separate optional pass,location-authentic canyon ambience,approved layered master plus clean plate,2.5D multiplane or controlled video generation,"REQUIRES RUNTIME UPGRADE: current verified runtime accepts procedural cell frames, not environment video",first/last frames match for loops; 8-frame handles for editorial,PLANNED-NOT-CREATED
JV-FAL-CLP-LONG-DAY-SUM-V001,JV-FAL,Joeville Falls,long environmental loop,Joeville Falls long environmental loop,"wonder, intimacy, reflection",meditative non-distracting motion,45,seamless,24,3840x2160,center/lower stage remains unobstructed; follow matching still master,separate optional pass,wind/water/practicals as applicable,none for loops; motivated only for transition,separate optional pass,location-authentic canyon ambience,approved layered master plus clean plate,2.5D multiplane or controlled video generation,"REQUIRES RUNTIME UPGRADE: current verified runtime accepts procedural cell frames, not environment video",first/last frames match for loops; 8-frame handles for editorial,PLANNED-NOT-CREATED
JV-FAL-CLP-TRV-DAY-SUM-V001,JV-FAL,Joeville Falls,travel transition,Joeville Falls travel transition,"wonder, intimacy, reflection",forward or lateral camera travel,10,non-looping,24,3840x2160,center/lower stage remains unobstructed; follow matching still master,separate optional pass,wind/water/practicals as applicable,none for loops; motivated only for transition,separate optional pass,location-authentic canyon ambience,approved layered master plus clean plate,2.5D multiplane or controlled video generation,"REQUIRES RUNTIME UPGRADE: current verified runtime accepts procedural cell frames, not environment video",first/last frames match for loops; 8-frame handles for editorial,PLANNED-NOT-CREATED
JV-MED-CLP-MIC-DAY-SUM-V001,JV-MED,Thirteen Stones Meditation Circle,micro insert,Thirteen Stones Meditation Circle micro insert,"ritual, reflection, council",subtle local action,3,non-looping,24,3840x2160,center/lower stage remains unobstructed; follow matching still master,separate optional pass,wind/water/practicals as applicable,none for loops; motivated only for transition,separate optional pass,location-authentic castle ridge ambience,approved layered master plus clean plate,2.5D multiplane or controlled video generation,"REQUIRES RUNTIME UPGRADE: current verified runtime accepts procedural cell frames, not environment video",first/last frames match for loops; 8-frame handles for editorial,PLANNED-NOT-CREATED
JV-MED-CLP-EST-DAY-SUM-V001,JV-MED,Thirteen Stones Meditation Circle,establishing move,Thirteen Stones Meditation Circle establishing move,"ritual, reflection, council",slow push or drift,8,non-looping,24,3840x2160,center/lower stage remains unobstructed; follow matching still master,separate optional pass,wind/water/practicals as applicable,none for loops; motivated only for transition,separate optional pass,location-authentic castle ridge ambience,approved layered master plus clean plate,2.5D multiplane or controlled video generation,"REQUIRES RUNTIME UPGRADE: current verified runtime accepts procedural cell frames, not environment video",first/last frames match for loops; 8-frame handles for editorial,PLANNED-NOT-CREATED
JV-MED-CLP-AMB-DAY-SUM-V001,JV-MED,Thirteen Stones Meditation Circle,ambient loop,Thirteen Stones Meditation Circle ambient loop,"ritual, reflection, council","foliage, water, practical light only",16,seamless,24,3840x2160,center/lower stage remains unobstructed; follow matching still master,separate optional pass,wind/water/practicals as applicable,none for loops; motivated only for transition,separate optional pass,location-authentic castle ridge ambience,approved layered master plus clean plate,2.5D multiplane or controlled video generation,"REQUIRES RUNTIME UPGRADE: current verified runtime accepts procedural cell frames, not environment video",first/last frames match for loops; 8-frame handles for editorial,PLANNED-NOT-CREATED
JV-MED-CLP-DLG-DAY-SUM-V001,JV-MED,Thirteen Stones Meditation Circle,dialogue loop,Thirteen Stones Meditation Circle dialogue loop,"ritual, reflection, council",very low-amplitude background motion,24,seamless,24,3840x2160,center/lower stage remains unobstructed; follow matching still master,separate optional pass,wind/water/practicals as applicable,none for loops; motivated only for transition,separate optional pass,location-authentic castle ridge ambience,approved layered master plus clean plate,2.5D multiplane or controlled video generation,"REQUIRES RUNTIME UPGRADE: current verified runtime accepts procedural cell frames, not environment video",first/last frames match for loops; 8-frame handles for editorial,PLANNED-NOT-CREATED
JV-MED-CLP-LONG-DAY-SUM-V001,JV-MED,Thirteen Stones Meditation Circle,long environmental loop,Thirteen Stones Meditation Circle long environmental loop,"ritual, reflection, council",meditative non-distracting motion,45,seamless,24,3840x2160,center/lower stage remains unobstructed; follow matching still master,separate optional pass,wind/water/practicals as applicable,none for loops; motivated only for transition,separate optional pass,location-authentic castle ridge ambience,approved layered master plus clean plate,2.5D multiplane or controlled video generation,"REQUIRES RUNTIME UPGRADE: current verified runtime accepts procedural cell frames, not environment video",first/last frames match for loops; 8-frame handles for editorial,PLANNED-NOT-CREATED
JV-MED-CLP-TRV-DAY-SUM-V001,JV-MED,Thirteen Stones Meditation Circle,travel transition,Thirteen Stones Meditation Circle travel transition,"ritual, reflection, council",forward or lateral camera travel,10,non-looping,24,3840x2160,center/lower stage remains unobstructed; follow matching still master,separate optional pass,wind/water/practicals as applicable,none for loops; motivated only for transition,separate optional pass,location-authentic castle ridge ambience,approved layered master plus clean plate,2.5D multiplane or controlled video generation,"REQUIRES RUNTIME UPGRADE: current verified runtime accepts procedural cell frames, not environment video",first/last frames match for loops; 8-frame handles for editorial,PLANNED-NOT-CREATED
JV-DAN-CLP-MIC-DAY-SUM-V001,JV-DAN,Current Hall,micro insert,Current Hall micro insert,"ecstatic dance, celebration, decompression",subtle local action,3,non-looping,24,3840x2160,center/lower stage remains unobstructed; follow matching still master,separate optional pass,wind/water/practicals as applicable,none for loops; motivated only for transition,separate optional pass,location-authentic creek corridor ambience,approved layered master plus clean plate,2.5D multiplane or controlled video generation,"REQUIRES RUNTIME UPGRADE: current verified runtime accepts procedural cell frames, not environment video",first/last frames match for loops; 8-frame handles for editorial,PLANNED-NOT-CREATED
JV-DAN-CLP-EST-DAY-SUM-V001,JV-DAN,Current Hall,establishing move,Current Hall establishing move,"ecstatic dance, celebration, decompression",slow push or drift,8,non-looping,24,3840x2160,center/lower stage remains unobstructed; follow matching still master,separate optional pass,wind/water/practicals as applicable,none for loops; motivated only for transition,separate optional pass,location-authentic creek corridor ambience,approved layered master plus clean plate,2.5D multiplane or controlled video generation,"REQUIRES RUNTIME UPGRADE: current verified runtime accepts procedural cell frames, not environment video",first/last frames match for loops; 8-frame handles for editorial,PLANNED-NOT-CREATED
JV-DAN-CLP-AMB-DAY-SUM-V001,JV-DAN,Current Hall,ambient loop,Current Hall ambient loop,"ecstatic dance, celebration, decompression","foliage, water, practical light only",16,seamless,24,3840x2160,center/lower stage remains unobstructed; follow matching still master,separate optional pass,wind/water/practicals as applicable,none for loops; motivated only for transition,separate optional pass,location-authentic creek corridor ambience,approved layered master plus clean plate,2.5D multiplane or controlled video generation,"REQUIRES RUNTIME UPGRADE: current verified runtime accepts procedural cell frames, not environment video",first/last frames match for loops; 8-frame handles for editorial,PLANNED-NOT-CREATED
JV-DAN-CLP-DLG-DAY-SUM-V001,JV-DAN,Current Hall,dialogue loop,Current Hall dialogue loop,"ecstatic dance, celebration, decompression",very low-amplitude background motion,24,seamless,24,3840x2160,center/lower stage remains unobstructed; follow matching still master,separate optional pass,wind/water/practicals as applicable,none for loops; motivated only for transition,separate optional pass,location-authentic creek corridor ambience,approved layered master plus clean plate,2.5D multiplane or controlled video generation,"REQUIRES RUNTIME UPGRADE: current verified runtime accepts procedural cell frames, not environment video",first/last frames match for loops; 8-frame handles for editorial,PLANNED-NOT-CREATED
JV-DAN-CLP-LONG-DAY-SUM-V001,JV-DAN,Current Hall,long environmental loop,Current Hall long environmental loop,"ecstatic dance, celebration, decompression",meditative non-distracting motion,45,seamless,24,3840x2160,center/lower stage remains unobstructed; follow matching still master,separate optional pass,wind/water/practicals as applicable,none for loops; motivated only for transition,separate optional pass,location-authentic creek corridor ambience,approved layered master plus clean plate,2.5D multiplane or controlled video generation,"REQUIRES RUNTIME UPGRADE: current verified runtime accepts procedural cell frames, not environment video",first/last frames match for loops; 8-frame handles for editorial,PLANNED-NOT-CREATED
JV-DAN-CLP-TRV-DAY-SUM-V001,JV-DAN,Current Hall,travel transition,Current Hall travel transition,"ecstatic dance, celebration, decompression",forward or lateral camera travel,10,non-looping,24,3840x2160,center/lower stage remains unobstructed; follow matching still master,separate optional pass,wind/water/practicals as applicable,none for loops; motivated only for transition,separate optional pass,location-authentic creek corridor ambience,approved layered master plus clean plate,2.5D multiplane or controlled video generation,"REQUIRES RUNTIME UPGRADE: current verified runtime accepts procedural cell frames, not environment video",first/last frames match for loops; 8-frame handles for editorial,PLANNED-NOT-CREATED
JV-TRL-CLP-MIC-DAY-SUM-V001,JV-TRL,Foothill Trail System,micro insert,Foothill Trail System micro insert,"walking dialogue, challenge, discovery",subtle local action,3,non-looping,24,3840x2160,center/lower stage remains unobstructed; follow matching still master,separate optional pass,wind/water/practicals as applicable,none for loops; motivated only for transition,separate optional pass,location-authentic mountain ambience,approved layered master plus clean plate,2.5D multiplane or controlled video generation,"REQUIRES RUNTIME UPGRADE: current verified runtime accepts procedural cell frames, not environment video",first/last frames match for loops; 8-frame handles for editorial,PLANNED-NOT-CREATED
JV-TRL-CLP-EST-DAY-SUM-V001,JV-TRL,Foothill Trail System,establishing move,Foothill Trail System establishing move,"walking dialogue, challenge, discovery",slow push or drift,8,non-looping,24,3840x2160,center/lower stage remains unobstructed; follow matching still master,separate optional pass,wind/water/practicals as applicable,none for loops; motivated only for transition,separate optional pass,location-authentic mountain ambience,approved layered master plus clean plate,2.5D multiplane or controlled video generation,"REQUIRES RUNTIME UPGRADE: current verified runtime accepts procedural cell frames, not environment video",first/last frames match for loops; 8-frame handles for editorial,PLANNED-NOT-CREATED
JV-TRL-CLP-AMB-DAY-SUM-V001,JV-TRL,Foothill Trail System,ambient loop,Foothill Trail System ambient loop,"walking dialogue, challenge, discovery","foliage, water, practical light only",16,seamless,24,3840x2160,center/lower stage remains unobstructed; follow matching still master,separate optional pass,wind/water/practicals as applicable,none for loops; motivated only for transition,separate optional pass,location-authentic mountain ambience,approved layered master plus clean plate,2.5D multiplane or controlled video generation,"REQUIRES RUNTIME UPGRADE: current verified runtime accepts procedural cell frames, not environment video",first/last frames match for loops; 8-frame handles for editorial,PLANNED-NOT-CREATED
JV-TRL-CLP-DLG-DAY-SUM-V001,JV-TRL,Foothill Trail System,dialogue loop,Foothill Trail System dialogue loop,"walking dialogue, challenge, discovery",very low-amplitude background motion,24,seamless,24,3840x2160,center/lower stage remains unobstructed; follow matching still master,separate optional pass,wind/water/practicals as applicable,none for loops; motivated only for transition,separate optional pass,location-authentic mountain ambience,approved layered master plus clean plate,2.5D multiplane or controlled video generation,"REQUIRES RUNTIME UPGRADE: current verified runtime accepts procedural cell frames, not environment video",first/last frames match for loops; 8-frame handles for editorial,PLANNED-NOT-CREATED
JV-TRL-CLP-LONG-DAY-SUM-V001,JV-TRL,Foothill Trail System,long environmental loop,Foothill Trail System long environmental loop,"walking dialogue, challenge, discovery",meditative non-distracting motion,45,seamless,24,3840x2160,center/lower stage remains unobstructed; follow matching still master,separate optional pass,wind/water/practicals as applicable,none for loops; motivated only for transition,separate optional pass,location-authentic mountain ambience,approved layered master plus clean plate,2.5D multiplane or controlled video generation,"REQUIRES RUNTIME UPGRADE: current verified runtime accepts procedural cell frames, not environment video",first/last frames match for loops; 8-frame handles for editorial,PLANNED-NOT-CREATED
JV-TRL-CLP-TRV-DAY-SUM-V001,JV-TRL,Foothill Trail System,travel transition,Foothill Trail System travel transition,"walking dialogue, challenge, discovery",forward or lateral camera travel,10,non-looping,24,3840x2160,center/lower stage remains unobstructed; follow matching still master,separate optional pass,wind/water/practicals as applicable,none for loops; motivated only for transition,separate optional pass,location-authentic mountain ambience,approved layered master plus clean plate,2.5D multiplane or controlled video generation,"REQUIRES RUNTIME UPGRADE: current verified runtime accepts procedural cell frames, not environment video",first/last frames match for loops; 8-frame handles for editorial,PLANNED-NOT-CREATED
JV-CAS-CLP-MIC-DAY-SUM-V001,JV-CAS,Castle Grace,micro insert,Castle Grace micro insert,"home base, council, feast, celebration",subtle local action,3,non-looping,24,3840x2160,center/lower stage remains unobstructed; follow matching still master,separate optional pass,wind/water/practicals as applicable,none for loops; motivated only for transition,separate optional pass,location-authentic castle ridge ambience,approved layered master plus clean plate,2.5D multiplane or controlled video generation,"REQUIRES RUNTIME UPGRADE: current verified runtime accepts procedural cell frames, not environment video",first/last frames match for loops; 8-frame handles for editorial,PLANNED-NOT-CREATED
JV-CAS-CLP-EST-DAY-SUM-V001,JV-CAS,Castle Grace,establishing move,Castle Grace establishing move,"home base, council, feast, celebration",slow push or drift,8,non-looping,24,3840x2160,center/lower stage remains unobstructed; follow matching still master,separate optional pass,wind/water/practicals as applicable,none for loops; motivated only for transition,separate optional pass,location-authentic castle ridge ambience,approved layered master plus clean plate,2.5D multiplane or controlled video generation,"REQUIRES RUNTIME UPGRADE: current verified runtime accepts procedural cell frames, not environment video",first/last frames match for loops; 8-frame handles for editorial,PLANNED-NOT-CREATED
JV-CAS-CLP-AMB-DAY-SUM-V001,JV-CAS,Castle Grace,ambient loop,Castle Grace ambient loop,"home base, council, feast, celebration","foliage, water, practical light only",16,seamless,24,3840x2160,center/lower stage remains unobstructed; follow matching still master,separate optional pass,wind/water/practicals as applicable,none for loops; motivated only for transition,separate optional pass,location-authentic castle ridge ambience,approved layered master plus clean plate,2.5D multiplane or controlled video generation,"REQUIRES RUNTIME UPGRADE: current verified runtime accepts procedural cell frames, not environment video",first/last frames match for loops; 8-frame handles for editorial,PLANNED-NOT-CREATED
JV-CAS-CLP-DLG-DAY-SUM-V001,JV-CAS,Castle Grace,dialogue loop,Castle Grace dialogue loop,"home base, council, feast, celebration",very low-amplitude background motion,24,seamless,24,3840x2160,center/lower stage remains unobstructed; follow matching still master,separate optional pass,wind/water/practicals as applicable,none for loops; motivated only for transition,separate optional pass,location-authentic castle ridge ambience,approved layered master plus clean plate,2.5D multiplane or controlled video generation,"REQUIRES RUNTIME UPGRADE: current verified runtime accepts procedural cell frames, not environment video",first/last frames match for loops; 8-frame handles for editorial,PLANNED-NOT-CREATED
JV-CAS-CLP-LONG-DAY-SUM-V001,JV-CAS,Castle Grace,long environmental loop,Castle Grace long environmental loop,"home base, council, feast, celebration",meditative non-distracting motion,45,seamless,24,3840x2160,center/lower stage remains unobstructed; follow matching still master,separate optional pass,wind/water/practicals as applicable,none for loops; motivated only for transition,separate optional pass,location-authentic castle ridge ambience,approved layered master plus clean plate,2.5D multiplane or controlled video generation,"REQUIRES RUNTIME UPGRADE: current verified runtime accepts procedural cell frames, not environment video",first/last frames match for loops; 8-frame handles for editorial,PLANNED-NOT-CREATED
JV-CAS-CLP-TRV-DAY-SUM-V001,JV-CAS,Castle Grace,travel transition,Castle Grace travel transition,"home base, council, feast, celebration",forward or lateral camera travel,10,non-looping,24,3840x2160,center/lower stage remains unobstructed; follow matching still master,separate optional pass,wind/water/practicals as applicable,none for loops; motivated only for transition,separate optional pass,location-authentic castle ridge ambience,approved layered master plus clean plate,2.5D multiplane or controlled video generation,"REQUIRES RUNTIME UPGRADE: current verified runtime accepts procedural cell frames, not environment video",first/last frames match for loops; 8-frame handles for editorial,PLANNED-NOT-CREATED
JV-PRL-CLP-MIC-DAY-SUM-V001,JV-PRL,Lantern Walk,micro insert,Lantern Walk micro insert,"public life, shopping, buskers, encounters",subtle local action,3,non-looping,24,3840x2160,center/lower stage remains unobstructed; follow matching still master,separate optional pass,wind/water/practicals as applicable,none for loops; motivated only for transition,separate optional pass,location-authentic downtown ambience,approved layered master plus clean plate,2.5D multiplane or controlled video generation,"REQUIRES RUNTIME UPGRADE: current verified runtime accepts procedural cell frames, not environment video",first/last frames match for loops; 8-frame handles for editorial,PLANNED-NOT-CREATED
JV-PRL-CLP-EST-DAY-SUM-V001,JV-PRL,Lantern Walk,establishing move,Lantern Walk establishing move,"public life, shopping, buskers, encounters",slow push or drift,8,non-looping,24,3840x2160,center/lower stage remains unobstructed; follow matching still master,separate optional pass,wind/water/practicals as applicable,none for loops; motivated only for transition,separate optional pass,location-authentic downtown ambience,approved layered master plus clean plate,2.5D multiplane or controlled video generation,"REQUIRES RUNTIME UPGRADE: current verified runtime accepts procedural cell frames, not environment video",first/last frames match for loops; 8-frame handles for editorial,PLANNED-NOT-CREATED
JV-PRL-CLP-AMB-DAY-SUM-V001,JV-PRL,Lantern Walk,ambient loop,Lantern Walk ambient loop,"public life, shopping, buskers, encounters","foliage, water, practical light only",16,seamless,24,3840x2160,center/lower stage remains unobstructed; follow matching still master,separate optional pass,wind/water/practicals as applicable,none for loops; motivated only for transition,separate optional pass,location-authentic downtown ambience,approved layered master plus clean plate,2.5D multiplane or controlled video generation,"REQUIRES RUNTIME UPGRADE: current verified runtime accepts procedural cell frames, not environment video",first/last frames match for loops; 8-frame handles for editorial,PLANNED-NOT-CREATED
JV-PRL-CLP-DLG-DAY-SUM-V001,JV-PRL,Lantern Walk,dialogue loop,Lantern Walk dialogue loop,"public life, shopping, buskers, encounters",very low-amplitude background motion,24,seamless,24,3840x2160,center/lower stage remains unobstructed; follow matching still master,separate optional pass,wind/water/practicals as applicable,none for loops; motivated only for transition,separate optional pass,location-authentic downtown ambience,approved layered master plus clean plate,2.5D multiplane or controlled video generation,"REQUIRES RUNTIME UPGRADE: current verified runtime accepts procedural cell frames, not environment video",first/last frames match for loops; 8-frame handles for editorial,PLANNED-NOT-CREATED
JV-PRL-CLP-LONG-DAY-SUM-V001,JV-PRL,Lantern Walk,long environmental loop,Lantern Walk long environmental loop,"public life, shopping, buskers, encounters",meditative non-distracting motion,45,seamless,24,3840x2160,center/lower stage remains unobstructed; follow matching still master,separate optional pass,wind/water/practicals as applicable,none for loops; motivated only for transition,separate optional pass,location-authentic downtown ambience,approved layered master plus clean plate,2.5D multiplane or controlled video generation,"REQUIRES RUNTIME UPGRADE: current verified runtime accepts procedural cell frames, not environment video",first/last frames match for loops; 8-frame handles for editorial,PLANNED-NOT-CREATED
JV-PRL-CLP-TRV-DAY-SUM-V001,JV-PRL,Lantern Walk,travel transition,Lantern Walk travel transition,"public life, shopping, buskers, encounters",forward or lateral camera travel,10,non-looping,24,3840x2160,center/lower stage remains unobstructed; follow matching still master,separate optional pass,wind/water/practicals as applicable,none for loops; motivated only for transition,separate optional pass,location-authentic downtown ambience,approved layered master plus clean plate,2.5D multiplane or controlled video generation,"REQUIRES RUNTIME UPGRADE: current verified runtime accepts procedural cell frames, not environment video",first/last frames match for loops; 8-frame handles for editorial,PLANNED-NOT-CREATED
JV-JUI-CLP-MIC-DAY-SUM-V001,JV-JUI,Brightroot Juice Bar,micro insert,Brightroot Juice Bar micro insert,"quick meetings, healthy ritual, comedy",subtle local action,3,non-looping,24,3840x2160,center/lower stage remains unobstructed; follow matching still master,separate optional pass,wind/water/practicals as applicable,none for loops; motivated only for transition,separate optional pass,location-authentic wellness ambience,approved layered master plus clean plate,2.5D multiplane or controlled video generation,"REQUIRES RUNTIME UPGRADE: current verified runtime accepts procedural cell frames, not environment video",first/last frames match for loops; 8-frame handles for editorial,PLANNED-NOT-CREATED
JV-JUI-CLP-EST-DAY-SUM-V001,JV-JUI,Brightroot Juice Bar,establishing move,Brightroot Juice Bar establishing move,"quick meetings, healthy ritual, comedy",slow push or drift,8,non-looping,24,3840x2160,center/lower stage remains unobstructed; follow matching still master,separate optional pass,wind/water/practicals as applicable,none for loops; motivated only for transition,separate optional pass,location-authentic wellness ambience,approved layered master plus clean plate,2.5D multiplane or controlled video generation,"REQUIRES RUNTIME UPGRADE: current verified runtime accepts procedural cell frames, not environment video",first/last frames match for loops; 8-frame handles for editorial,PLANNED-NOT-CREATED
JV-JUI-CLP-AMB-DAY-SUM-V001,JV-JUI,Brightroot Juice Bar,ambient loop,Brightroot Juice Bar ambient loop,"quick meetings, healthy ritual, comedy","foliage, water, practical light only",16,seamless,24,3840x2160,center/lower stage remains unobstructed; follow matching still master,separate optional pass,wind/water/practicals as applicable,none for loops; motivated only for transition,separate optional pass,location-authentic wellness ambience,approved layered master plus clean plate,2.5D multiplane or controlled video generation,"REQUIRES RUNTIME UPGRADE: current verified runtime accepts procedural cell frames, not environment video",first/last frames match for loops; 8-frame handles for editorial,PLANNED-NOT-CREATED
JV-JUI-CLP-DLG-DAY-SUM-V001,JV-JUI,Brightroot Juice Bar,dialogue loop,Brightroot Juice Bar dialogue loop,"quick meetings, healthy ritual, comedy",very low-amplitude background motion,24,seamless,24,3840x2160,center/lower stage remains unobstructed; follow matching still master,separate optional pass,wind/water/practicals as applicable,none for loops; motivated only for transition,separate optional pass,location-authentic wellness ambience,approved layered master plus clean plate,2.5D multiplane or controlled video generation,"REQUIRES RUNTIME UPGRADE: current verified runtime accepts procedural cell frames, not environment video",first/last frames match for loops; 8-frame handles for editorial,PLANNED-NOT-CREATED
JV-JUI-CLP-LONG-DAY-SUM-V001,JV-JUI,Brightroot Juice Bar,long environmental loop,Brightroot Juice Bar long environmental loop,"quick meetings, healthy ritual, comedy",meditative non-distracting motion,45,seamless,24,3840x2160,center/lower stage remains unobstructed; follow matching still master,separate optional pass,wind/water/practicals as applicable,none for loops; motivated only for transition,separate optional pass,location-authentic wellness ambience,approved layered master plus clean plate,2.5D multiplane or controlled video generation,"REQUIRES RUNTIME UPGRADE: current verified runtime accepts procedural cell frames, not environment video",first/last frames match for loops; 8-frame handles for editorial,PLANNED-NOT-CREATED
JV-JUI-CLP-TRV-DAY-SUM-V001,JV-JUI,Brightroot Juice Bar,travel transition,Brightroot Juice Bar travel transition,"quick meetings, healthy ritual, comedy",forward or lateral camera travel,10,non-looping,24,3840x2160,center/lower stage remains unobstructed; follow matching still master,separate optional pass,wind/water/practicals as applicable,none for loops; motivated only for transition,separate optional pass,location-authentic wellness ambience,approved layered master plus clean plate,2.5D multiplane or controlled video generation,"REQUIRES RUNTIME UPGRADE: current verified runtime accepts procedural cell frames, not environment video",first/last frames match for loops; 8-frame handles for editorial,PLANNED-NOT-CREATED
JV-TON-CLP-MIC-DAY-SUM-V001,JV-TON,Juniper Tonic House,micro insert,Juniper Tonic House micro insert,"intimate counsel, apothecary ritual",subtle local action,3,non-looping,24,3840x2160,center/lower stage remains unobstructed; follow matching still master,separate optional pass,wind/water/practicals as applicable,none for loops; motivated only for transition,separate optional pass,location-authentic wellness ambience,approved layered master plus clean plate,2.5D multiplane or controlled video generation,"REQUIRES RUNTIME UPGRADE: current verified runtime accepts procedural cell frames, not environment video",first/last frames match for loops; 8-frame handles for editorial,PLANNED-NOT-CREATED
JV-TON-CLP-EST-DAY-SUM-V001,JV-TON,Juniper Tonic House,establishing move,Juniper Tonic House establishing move,"intimate counsel, apothecary ritual",slow push or drift,8,non-looping,24,3840x2160,center/lower stage remains unobstructed; follow matching still master,separate optional pass,wind/water/practicals as applicable,none for loops; motivated only for transition,separate optional pass,location-authentic wellness ambience,approved layered master plus clean plate,2.5D multiplane or controlled video generation,"REQUIRES RUNTIME UPGRADE: current verified runtime accepts procedural cell frames, not environment video",first/last frames match for loops; 8-frame handles for editorial,PLANNED-NOT-CREATED
JV-TON-CLP-AMB-DAY-SUM-V001,JV-TON,Juniper Tonic House,ambient loop,Juniper Tonic House ambient loop,"intimate counsel, apothecary ritual","foliage, water, practical light only",16,seamless,24,3840x2160,center/lower stage remains unobstructed; follow matching still master,separate optional pass,wind/water/practicals as applicable,none for loops; motivated only for transition,separate optional pass,location-authentic wellness ambience,approved layered master plus clean plate,2.5D multiplane or controlled video generation,"REQUIRES RUNTIME UPGRADE: current verified runtime accepts procedural cell frames, not environment video",first/last frames match for loops; 8-frame handles for editorial,PLANNED-NOT-CREATED
JV-TON-CLP-DLG-DAY-SUM-V001,JV-TON,Juniper Tonic House,dialogue loop,Juniper Tonic House dialogue loop,"intimate counsel, apothecary ritual",very low-amplitude background motion,24,seamless,24,3840x2160,center/lower stage remains unobstructed; follow matching still master,separate optional pass,wind/water/practicals as applicable,none for loops; motivated only for transition,separate optional pass,location-authentic wellness ambience,approved layered master plus clean plate,2.5D multiplane or controlled video generation,"REQUIRES RUNTIME UPGRADE: current verified runtime accepts procedural cell frames, not environment video",first/last frames match for loops; 8-frame handles for editorial,PLANNED-NOT-CREATED
JV-TON-CLP-LONG-DAY-SUM-V001,JV-TON,Juniper Tonic House,long environmental loop,Juniper Tonic House long environmental loop,"intimate counsel, apothecary ritual",meditative non-distracting motion,45,seamless,24,3840x2160,center/lower stage remains unobstructed; follow matching still master,separate optional pass,wind/water/practicals as applicable,none for loops; motivated only for transition,separate optional pass,location-authentic wellness ambience,approved layered master plus clean plate,2.5D multiplane or controlled video generation,"REQUIRES RUNTIME UPGRADE: current verified runtime accepts procedural cell frames, not environment video",first/last frames match for loops; 8-frame handles for editorial,PLANNED-NOT-CREATED
JV-TON-CLP-TRV-DAY-SUM-V001,JV-TON,Juniper Tonic House,travel transition,Juniper Tonic House travel transition,"intimate counsel, apothecary ritual",forward or lateral camera travel,10,non-looping,24,3840x2160,center/lower stage remains unobstructed; follow matching still master,separate optional pass,wind/water/practicals as applicable,none for loops; motivated only for transition,separate optional pass,location-authentic wellness ambience,approved layered master plus clean plate,2.5D multiplane or controlled video generation,"REQUIRES RUNTIME UPGRADE: current verified runtime accepts procedural cell frames, not environment video",first/last frames match for loops; 8-frame handles for editorial,PLANNED-NOT-CREATED
JV-SUS-CLP-MIC-DAY-SUM-V001,JV-SUS,Riverstone Sushi,micro insert,Riverstone Sushi micro insert,"meals, dates, ensemble celebration",subtle local action,3,non-looping,24,3840x2160,center/lower stage remains unobstructed; follow matching still master,separate optional pass,wind/water/practicals as applicable,none for loops; motivated only for transition,separate optional pass,location-authentic creek corridor ambience,approved layered master plus clean plate,2.5D multiplane or controlled video generation,"REQUIRES RUNTIME UPGRADE: current verified runtime accepts procedural cell frames, not environment video",first/last frames match for loops; 8-frame handles for editorial,PLANNED-NOT-CREATED
JV-SUS-CLP-EST-DAY-SUM-V001,JV-SUS,Riverstone Sushi,establishing move,Riverstone Sushi establishing move,"meals, dates, ensemble celebration",slow push or drift,8,non-looping,24,3840x2160,center/lower stage remains unobstructed; follow matching still master,separate optional pass,wind/water/practicals as applicable,none for loops; motivated only for transition,separate optional pass,location-authentic creek corridor ambience,approved layered master plus clean plate,2.5D multiplane or controlled video generation,"REQUIRES RUNTIME UPGRADE: current verified runtime accepts procedural cell frames, not environment video",first/last frames match for loops; 8-frame handles for editorial,PLANNED-NOT-CREATED
JV-SUS-CLP-AMB-DAY-SUM-V001,JV-SUS,Riverstone Sushi,ambient loop,Riverstone Sushi ambient loop,"meals, dates, ensemble celebration","foliage, water, practical light only",16,seamless,24,3840x2160,center/lower stage remains unobstructed; follow matching still master,separate optional pass,wind/water/practicals as applicable,none for loops; motivated only for transition,separate optional pass,location-authentic creek corridor ambience,approved layered master plus clean plate,2.5D multiplane or controlled video generation,"REQUIRES RUNTIME UPGRADE: current verified runtime accepts procedural cell frames, not environment video",first/last frames match for loops; 8-frame handles for editorial,PLANNED-NOT-CREATED
JV-SUS-CLP-DLG-DAY-SUM-V001,JV-SUS,Riverstone Sushi,dialogue loop,Riverstone Sushi dialogue loop,"meals, dates, ensemble celebration",very low-amplitude background motion,24,seamless,24,3840x2160,center/lower stage remains unobstructed; follow matching still master,separate optional pass,wind/water/practicals as applicable,none for loops; motivated only for transition,separate optional pass,location-authentic creek corridor ambience,approved layered master plus clean plate,2.5D multiplane or controlled video generation,"REQUIRES RUNTIME UPGRADE: current verified runtime accepts procedural cell frames, not environment video",first/last frames match for loops; 8-frame handles for editorial,PLANNED-NOT-CREATED
JV-SUS-CLP-LONG-DAY-SUM-V001,JV-SUS,Riverstone Sushi,long environmental loop,Riverstone Sushi long environmental loop,"meals, dates, ensemble celebration",meditative non-distracting motion,45,seamless,24,3840x2160,center/lower stage remains unobstructed; follow matching still master,separate optional pass,wind/water/practicals as applicable,none for loops; motivated only for transition,separate optional pass,location-authentic creek corridor ambience,approved layered master plus clean plate,2.5D multiplane or controlled video generation,"REQUIRES RUNTIME UPGRADE: current verified runtime accepts procedural cell frames, not environment video",first/last frames match for loops; 8-frame handles for editorial,PLANNED-NOT-CREATED
JV-SUS-CLP-TRV-DAY-SUM-V001,JV-SUS,Riverstone Sushi,travel transition,Riverstone Sushi travel transition,"meals, dates, ensemble celebration",forward or lateral camera travel,10,non-looping,24,3840x2160,center/lower stage remains unobstructed; follow matching still master,separate optional pass,wind/water/practicals as applicable,none for loops; motivated only for transition,separate optional pass,location-authentic creek corridor ambience,approved layered master plus clean plate,2.5D multiplane or controlled video generation,"REQUIRES RUNTIME UPGRADE: current verified runtime accepts procedural cell frames, not environment video",first/last frames match for loops; 8-frame handles for editorial,PLANNED-NOT-CREATED
JV-GRO-CLP-MIC-DAY-SUM-V001,JV-GRO,Joeville Commons Market,micro insert,Joeville Commons Market micro insert,"shopping, chance encounters, errands",subtle local action,3,non-looping,24,3840x2160,center/lower stage remains unobstructed; follow matching still master,separate optional pass,wind/water/practicals as applicable,none for loops; motivated only for transition,separate optional pass,location-authentic wellness ambience,approved layered master plus clean plate,2.5D multiplane or controlled video generation,"REQUIRES RUNTIME UPGRADE: current verified runtime accepts procedural cell frames, not environment video",first/last frames match for loops; 8-frame handles for editorial,PLANNED-NOT-CREATED
JV-GRO-CLP-EST-DAY-SUM-V001,JV-GRO,Joeville Commons Market,establishing move,Joeville Commons Market establishing move,"shopping, chance encounters, errands",slow push or drift,8,non-looping,24,3840x2160,center/lower stage remains unobstructed; follow matching still master,separate optional pass,wind/water/practicals as applicable,none for loops; motivated only for transition,separate optional pass,location-authentic wellness ambience,approved layered master plus clean plate,2.5D multiplane or controlled video generation,"REQUIRES RUNTIME UPGRADE: current verified runtime accepts procedural cell frames, not environment video",first/last frames match for loops; 8-frame handles for editorial,PLANNED-NOT-CREATED
JV-GRO-CLP-AMB-DAY-SUM-V001,JV-GRO,Joeville Commons Market,ambient loop,Joeville Commons Market ambient loop,"shopping, chance encounters, errands","foliage, water, practical light only",16,seamless,24,3840x2160,center/lower stage remains unobstructed; follow matching still master,separate optional pass,wind/water/practicals as applicable,none for loops; motivated only for transition,separate optional pass,location-authentic wellness ambience,approved layered master plus clean plate,2.5D multiplane or controlled video generation,"REQUIRES RUNTIME UPGRADE: current verified runtime accepts procedural cell frames, not environment video",first/last frames match for loops; 8-frame handles for editorial,PLANNED-NOT-CREATED
JV-GRO-CLP-DLG-DAY-SUM-V001,JV-GRO,Joeville Commons Market,dialogue loop,Joeville Commons Market dialogue loop,"shopping, chance encounters, errands",very low-amplitude background motion,24,seamless,24,3840x2160,center/lower stage remains unobstructed; follow matching still master,separate optional pass,wind/water/practicals as applicable,none for loops; motivated only for transition,separate optional pass,location-authentic wellness ambience,approved layered master plus clean plate,2.5D multiplane or controlled video generation,"REQUIRES RUNTIME UPGRADE: current verified runtime accepts procedural cell frames, not environment video",first/last frames match for loops; 8-frame handles for editorial,PLANNED-NOT-CREATED
JV-GRO-CLP-LONG-DAY-SUM-V001,JV-GRO,Joeville Commons Market,long environmental loop,Joeville Commons Market long environmental loop,"shopping, chance encounters, errands",meditative non-distracting motion,45,seamless,24,3840x2160,center/lower stage remains unobstructed; follow matching still master,separate optional pass,wind/water/practicals as applicable,none for loops; motivated only for transition,separate optional pass,location-authentic wellness ambience,approved layered master plus clean plate,2.5D multiplane or controlled video generation,"REQUIRES RUNTIME UPGRADE: current verified runtime accepts procedural cell frames, not environment video",first/last frames match for loops; 8-frame handles for editorial,PLANNED-NOT-CREATED
JV-GRO-CLP-TRV-DAY-SUM-V001,JV-GRO,Joeville Commons Market,travel transition,Joeville Commons Market travel transition,"shopping, chance encounters, errands",forward or lateral camera travel,10,non-looping,24,3840x2160,center/lower stage remains unobstructed; follow matching still master,separate optional pass,wind/water/practicals as applicable,none for loops; motivated only for transition,separate optional pass,location-authentic wellness ambience,approved layered master plus clean plate,2.5D multiplane or controlled video generation,"REQUIRES RUNTIME UPGRADE: current verified runtime accepts procedural cell frames, not environment video",first/last frames match for loops; 8-frame handles for editorial,PLANNED-NOT-CREATED
JV-CRK-CLP-MIC-DAY-SUM-V001,JV-CRK,Joeville Creek Path,micro insert,Joeville Creek Path micro insert,walking dialogue and transitions,subtle local action,3,non-looping,24,3840x2160,center/lower stage remains unobstructed; follow matching still master,separate optional pass,wind/water/practicals as applicable,none for loops; motivated only for transition,separate optional pass,location-authentic creek corridor ambience,approved layered master plus clean plate,2.5D multiplane or controlled video generation,"REQUIRES RUNTIME UPGRADE: current verified runtime accepts procedural cell frames, not environment video",first/last frames match for loops; 8-frame handles for editorial,PLANNED-NOT-CREATED
JV-CRK-CLP-EST-DAY-SUM-V001,JV-CRK,Joeville Creek Path,establishing move,Joeville Creek Path establishing move,walking dialogue and transitions,slow push or drift,8,non-looping,24,3840x2160,center/lower stage remains unobstructed; follow matching still master,separate optional pass,wind/water/practicals as applicable,none for loops; motivated only for transition,separate optional pass,location-authentic creek corridor ambience,approved layered master plus clean plate,2.5D multiplane or controlled video generation,"REQUIRES RUNTIME UPGRADE: current verified runtime accepts procedural cell frames, not environment video",first/last frames match for loops; 8-frame handles for editorial,PLANNED-NOT-CREATED
JV-CRK-CLP-AMB-DAY-SUM-V001,JV-CRK,Joeville Creek Path,ambient loop,Joeville Creek Path ambient loop,walking dialogue and transitions,"foliage, water, practical light only",16,seamless,24,3840x2160,center/lower stage remains unobstructed; follow matching still master,separate optional pass,wind/water/practicals as applicable,none for loops; motivated only for transition,separate optional pass,location-authentic creek corridor ambience,approved layered master plus clean plate,2.5D multiplane or controlled video generation,"REQUIRES RUNTIME UPGRADE: current verified runtime accepts procedural cell frames, not environment video",first/last frames match for loops; 8-frame handles for editorial,PLANNED-NOT-CREATED
JV-CRK-CLP-DLG-DAY-SUM-V001,JV-CRK,Joeville Creek Path,dialogue loop,Joeville Creek Path dialogue loop,walking dialogue and transitions,very low-amplitude background motion,24,seamless,24,3840x2160,center/lower stage remains unobstructed; follow matching still master,separate optional pass,wind/water/practicals as applicable,none for loops; motivated only for transition,separate optional pass,location-authentic creek corridor ambience,approved layered master plus clean plate,2.5D multiplane or controlled video generation,"REQUIRES RUNTIME UPGRADE: current verified runtime accepts procedural cell frames, not environment video",first/last frames match for loops; 8-frame handles for editorial,PLANNED-NOT-CREATED
JV-CRK-CLP-LONG-DAY-SUM-V001,JV-CRK,Joeville Creek Path,long environmental loop,Joeville Creek Path long environmental loop,walking dialogue and transitions,meditative non-distracting motion,45,seamless,24,3840x2160,center/lower stage remains unobstructed; follow matching still master,separate optional pass,wind/water/practicals as applicable,none for loops; motivated only for transition,separate optional pass,location-authentic creek corridor ambience,approved layered master plus clean plate,2.5D multiplane or controlled video generation,"REQUIRES RUNTIME UPGRADE: current verified runtime accepts procedural cell frames, not environment video",first/last frames match for loops; 8-frame handles for editorial,PLANNED-NOT-CREATED
JV-CRK-CLP-TRV-DAY-SUM-V001,JV-CRK,Joeville Creek Path,travel transition,Joeville Creek Path travel transition,walking dialogue and transitions,forward or lateral camera travel,10,non-looping,24,3840x2160,center/lower stage remains unobstructed; follow matching still master,separate optional pass,wind/water/practicals as applicable,none for loops; motivated only for transition,separate optional pass,location-authentic creek corridor ambience,approved layered master plus clean plate,2.5D multiplane or controlled video generation,"REQUIRES RUNTIME UPGRADE: current verified runtime accepts procedural cell frames, not environment video",first/last frames match for loops; 8-frame handles for editorial,PLANNED-NOT-CREATED
JV-RES-CLP-MIC-DAY-SUM-V001,JV-RES,Sunward Residential Street,micro insert,Sunward Residential Street micro insert,"home transitions, quiet daily life",subtle local action,3,non-looping,24,3840x2160,center/lower stage remains unobstructed; follow matching still master,separate optional pass,wind/water/practicals as applicable,none for loops; motivated only for transition,separate optional pass,location-authentic residential ambience,approved layered master plus clean plate,2.5D multiplane or controlled video generation,"REQUIRES RUNTIME UPGRADE: current verified runtime accepts procedural cell frames, not environment video",first/last frames match for loops; 8-frame handles for editorial,PLANNED-NOT-CREATED
JV-RES-CLP-EST-DAY-SUM-V001,JV-RES,Sunward Residential Street,establishing move,Sunward Residential Street establishing move,"home transitions, quiet daily life",slow push or drift,8,non-looping,24,3840x2160,center/lower stage remains unobstructed; follow matching still master,separate optional pass,wind/water/practicals as applicable,none for loops; motivated only for transition,separate optional pass,location-authentic residential ambience,approved layered master plus clean plate,2.5D multiplane or controlled video generation,"REQUIRES RUNTIME UPGRADE: current verified runtime accepts procedural cell frames, not environment video",first/last frames match for loops; 8-frame handles for editorial,PLANNED-NOT-CREATED
JV-RES-CLP-AMB-DAY-SUM-V001,JV-RES,Sunward Residential Street,ambient loop,Sunward Residential Street ambient loop,"home transitions, quiet daily life","foliage, water, practical light only",16,seamless,24,3840x2160,center/lower stage remains unobstructed; follow matching still master,separate optional pass,wind/water/practicals as applicable,none for loops; motivated only for transition,separate optional pass,location-authentic residential ambience,approved layered master plus clean plate,2.5D multiplane or controlled video generation,"REQUIRES RUNTIME UPGRADE: current verified runtime accepts procedural cell frames, not environment video",first/last frames match for loops; 8-frame handles for editorial,PLANNED-NOT-CREATED
JV-RES-CLP-DLG-DAY-SUM-V001,JV-RES,Sunward Residential Street,dialogue loop,Sunward Residential Street dialogue loop,"home transitions, quiet daily life",very low-amplitude background motion,24,seamless,24,3840x2160,center/lower stage remains unobstructed; follow matching still master,separate optional pass,wind/water/practicals as applicable,none for loops; motivated only for transition,separate optional pass,location-authentic residential ambience,approved layered master plus clean plate,2.5D multiplane or controlled video generation,"REQUIRES RUNTIME UPGRADE: current verified runtime accepts procedural cell frames, not environment video",first/last frames match for loops; 8-frame handles for editorial,PLANNED-NOT-CREATED
JV-RES-CLP-LONG-DAY-SUM-V001,JV-RES,Sunward Residential Street,long environmental loop,Sunward Residential Street long environmental loop,"home transitions, quiet daily life",meditative non-distracting motion,45,seamless,24,3840x2160,center/lower stage remains unobstructed; follow matching still master,separate optional pass,wind/water/practicals as applicable,none for loops; motivated only for transition,separate optional pass,location-authentic residential ambience,approved layered master plus clean plate,2.5D multiplane or controlled video generation,"REQUIRES RUNTIME UPGRADE: current verified runtime accepts procedural cell frames, not environment video",first/last frames match for loops; 8-frame handles for editorial,PLANNED-NOT-CREATED
JV-RES-CLP-TRV-DAY-SUM-V001,JV-RES,Sunward Residential Street,travel transition,Sunward Residential Street travel transition,"home transitions, quiet daily life",forward or lateral camera travel,10,non-looping,24,3840x2160,center/lower stage remains unobstructed; follow matching still master,separate optional pass,wind/water/practicals as applicable,none for loops; motivated only for transition,separate optional pass,location-authentic residential ambience,approved layered master plus clean plate,2.5D multiplane or controlled video generation,"REQUIRES RUNTIME UPGRADE: current verified runtime accepts procedural cell frames, not environment video",first/last frames match for loops; 8-frame handles for editorial,PLANNED-NOT-CREATED
JV-PLZ-CLP-MIC-DAY-SUM-V001,JV-PLZ,Civic Weave Plaza,micro insert,Civic Weave Plaza micro insert,"public gathering, announcements, ensemble",subtle local action,3,non-looping,24,3840x2160,center/lower stage remains unobstructed; follow matching still master,separate optional pass,wind/water/practicals as applicable,none for loops; motivated only for transition,separate optional pass,location-authentic downtown ambience,approved layered master plus clean plate,2.5D multiplane or controlled video generation,"REQUIRES RUNTIME UPGRADE: current verified runtime accepts procedural cell frames, not environment video",first/last frames match for loops; 8-frame handles for editorial,PLANNED-NOT-CREATED
JV-PLZ-CLP-EST-DAY-SUM-V001,JV-PLZ,Civic Weave Plaza,establishing move,Civic Weave Plaza establishing move,"public gathering, announcements, ensemble",slow push or drift,8,non-looping,24,3840x2160,center/lower stage remains unobstructed; follow matching still master,separate optional pass,wind/water/practicals as applicable,none for loops; motivated only for transition,separate optional pass,location-authentic downtown ambience,approved layered master plus clean plate,2.5D multiplane or controlled video generation,"REQUIRES RUNTIME UPGRADE: current verified runtime accepts procedural cell frames, not environment video",first/last frames match for loops; 8-frame handles for editorial,PLANNED-NOT-CREATED
JV-PLZ-CLP-AMB-DAY-SUM-V001,JV-PLZ,Civic Weave Plaza,ambient loop,Civic Weave Plaza ambient loop,"public gathering, announcements, ensemble","foliage, water, practical light only",16,seamless,24,3840x2160,center/lower stage remains unobstructed; follow matching still master,separate optional pass,wind/water/practicals as applicable,none for loops; motivated only for transition,separate optional pass,location-authentic downtown ambience,approved layered master plus clean plate,2.5D multiplane or controlled video generation,"REQUIRES RUNTIME UPGRADE: current verified runtime accepts procedural cell frames, not environment video",first/last frames match for loops; 8-frame handles for editorial,PLANNED-NOT-CREATED
JV-PLZ-CLP-DLG-DAY-SUM-V001,JV-PLZ,Civic Weave Plaza,dialogue loop,Civic Weave Plaza dialogue loop,"public gathering, announcements, ensemble",very low-amplitude background motion,24,seamless,24,3840x2160,center/lower stage remains unobstructed; follow matching still master,separate optional pass,wind/water/practicals as applicable,none for loops; motivated only for transition,separate optional pass,location-authentic downtown ambience,approved layered master plus clean plate,2.5D multiplane or controlled video generation,"REQUIRES RUNTIME UPGRADE: current verified runtime accepts procedural cell frames, not environment video",first/last frames match for loops; 8-frame handles for editorial,PLANNED-NOT-CREATED
JV-PLZ-CLP-LONG-DAY-SUM-V001,JV-PLZ,Civic Weave Plaza,long environmental loop,Civic Weave Plaza long environmental loop,"public gathering, announcements, ensemble",meditative non-distracting motion,45,seamless,24,3840x2160,center/lower stage remains unobstructed; follow matching still master,separate optional pass,wind/water/practicals as applicable,none for loops; motivated only for transition,separate optional pass,location-authentic downtown ambience,approved layered master plus clean plate,2.5D multiplane or controlled video generation,"REQUIRES RUNTIME UPGRADE: current verified runtime accepts procedural cell frames, not environment video",first/last frames match for loops; 8-frame handles for editorial,PLANNED-NOT-CREATED
JV-PLZ-CLP-TRV-DAY-SUM-V001,JV-PLZ,Civic Weave Plaza,travel transition,Civic Weave Plaza travel transition,"public gathering, announcements, ensemble",forward or lateral camera travel,10,non-looping,24,3840x2160,center/lower stage remains unobstructed; follow matching still master,separate optional pass,wind/water/practicals as applicable,none for loops; motivated only for transition,separate optional pass,location-authentic downtown ambience,approved layered master plus clean plate,2.5D multiplane or controlled video generation,"REQUIRES RUNTIME UPGRADE: current verified runtime accepts procedural cell frames, not environment video",first/last frames match for loops; 8-frame handles for editorial,PLANNED-NOT-CREATED
JV-BRG-CLP-MIC-DAY-SUM-V001,JV-BRG,Rainbow Footbridge,micro insert,Rainbow Footbridge micro insert,"crossing, meeting, visual transition",subtle local action,3,non-looping,24,3840x2160,center/lower stage remains unobstructed; follow matching still master,separate optional pass,wind/water/practicals as applicable,none for loops; motivated only for transition,separate optional pass,location-authentic creek corridor ambience,approved layered master plus clean plate,2.5D multiplane or controlled video generation,"REQUIRES RUNTIME UPGRADE: current verified runtime accepts procedural cell frames, not environment video",first/last frames match for loops; 8-frame handles for editorial,PLANNED-NOT-CREATED
JV-BRG-CLP-EST-DAY-SUM-V001,JV-BRG,Rainbow Footbridge,establishing move,Rainbow Footbridge establishing move,"crossing, meeting, visual transition",slow push or drift,8,non-looping,24,3840x2160,center/lower stage remains unobstructed; follow matching still master,separate optional pass,wind/water/practicals as applicable,none for loops; motivated only for transition,separate optional pass,location-authentic creek corridor ambience,approved layered master plus clean plate,2.5D multiplane or controlled video generation,"REQUIRES RUNTIME UPGRADE: current verified runtime accepts procedural cell frames, not environment video",first/last frames match for loops; 8-frame handles for editorial,PLANNED-NOT-CREATED
JV-BRG-CLP-AMB-DAY-SUM-V001,JV-BRG,Rainbow Footbridge,ambient loop,Rainbow Footbridge ambient loop,"crossing, meeting, visual transition","foliage, water, practical light only",16,seamless,24,3840x2160,center/lower stage remains unobstructed; follow matching still master,separate optional pass,wind/water/practicals as applicable,none for loops; motivated only for transition,separate optional pass,location-authentic creek corridor ambience,approved layered master plus clean plate,2.5D multiplane or controlled video generation,"REQUIRES RUNTIME UPGRADE: current verified runtime accepts procedural cell frames, not environment video",first/last frames match for loops; 8-frame handles for editorial,PLANNED-NOT-CREATED
JV-BRG-CLP-DLG-DAY-SUM-V001,JV-BRG,Rainbow Footbridge,dialogue loop,Rainbow Footbridge dialogue loop,"crossing, meeting, visual transition",very low-amplitude background motion,24,seamless,24,3840x2160,center/lower stage remains unobstructed; follow matching still master,separate optional pass,wind/water/practicals as applicable,none for loops; motivated only for transition,separate optional pass,location-authentic creek corridor ambience,approved layered master plus clean plate,2.5D multiplane or controlled video generation,"REQUIRES RUNTIME UPGRADE: current verified runtime accepts procedural cell frames, not environment video",first/last frames match for loops; 8-frame handles for editorial,PLANNED-NOT-CREATED
JV-BRG-CLP-LONG-DAY-SUM-V001,JV-BRG,Rainbow Footbridge,long environmental loop,Rainbow Footbridge long environmental loop,"crossing, meeting, visual transition",meditative non-distracting motion,45,seamless,24,3840x2160,center/lower stage remains unobstructed; follow matching still master,separate optional pass,wind/water/practicals as applicable,none for loops; motivated only for transition,separate optional pass,location-authentic creek corridor ambience,approved layered master plus clean plate,2.5D multiplane or controlled video generation,"REQUIRES RUNTIME UPGRADE: current verified runtime accepts procedural cell frames, not environment video",first/last frames match for loops; 8-frame handles for editorial,PLANNED-NOT-CREATED
JV-BRG-CLP-TRV-DAY-SUM-V001,JV-BRG,Rainbow Footbridge,travel transition,Rainbow Footbridge travel transition,"crossing, meeting, visual transition",forward or lateral camera travel,10,non-looping,24,3840x2160,center/lower stage remains unobstructed; follow matching still master,separate optional pass,wind/water/practicals as applicable,none for loops; motivated only for transition,separate optional pass,location-authentic creek corridor ambience,approved layered master plus clean plate,2.5D multiplane or controlled video generation,"REQUIRES RUNTIME UPGRADE: current verified runtime accepts procedural cell frames, not environment video",first/last frames match for loops; 8-frame handles for editorial,PLANNED-NOT-CREATED
JV-OVR-CLP-MIC-DAY-SUM-V001,JV-OVR,Westlight Overlook,micro insert,Westlight Overlook micro insert,"reflection, town POV, sunset",subtle local action,3,non-looping,24,3840x2160,center/lower stage remains unobstructed; follow matching still master,separate optional pass,wind/water/practicals as applicable,none for loops; motivated only for transition,separate optional pass,location-authentic mountain ambience,approved layered master plus clean plate,2.5D multiplane or controlled video generation,"REQUIRES RUNTIME UPGRADE: current verified runtime accepts procedural cell frames, not environment video",first/last frames match for loops; 8-frame handles for editorial,PLANNED-NOT-CREATED
JV-OVR-CLP-EST-DAY-SUM-V001,JV-OVR,Westlight Overlook,establishing move,Westlight Overlook establishing move,"reflection, town POV, sunset",slow push or drift,8,non-looping,24,3840x2160,center/lower stage remains unobstructed; follow matching still master,separate optional pass,wind/water/practicals as applicable,none for loops; motivated only for transition,separate optional pass,location-authentic mountain ambience,approved layered master plus clean plate,2.5D multiplane or controlled video generation,"REQUIRES RUNTIME UPGRADE: current verified runtime accepts procedural cell frames, not environment video",first/last frames match for loops; 8-frame handles for editorial,PLANNED-NOT-CREATED
JV-OVR-CLP-AMB-DAY-SUM-V001,JV-OVR,Westlight Overlook,ambient loop,Westlight Overlook ambient loop,"reflection, town POV, sunset","foliage, water, practical light only",16,seamless,24,3840x2160,center/lower stage remains unobstructed; follow matching still master,separate optional pass,wind/water/practicals as applicable,none for loops; motivated only for transition,separate optional pass,location-authentic mountain ambience,approved layered master plus clean plate,2.5D multiplane or controlled video generation,"REQUIRES RUNTIME UPGRADE: current verified runtime accepts procedural cell frames, not environment video",first/last frames match for loops; 8-frame handles for editorial,PLANNED-NOT-CREATED
JV-OVR-CLP-DLG-DAY-SUM-V001,JV-OVR,Westlight Overlook,dialogue loop,Westlight Overlook dialogue loop,"reflection, town POV, sunset",very low-amplitude background motion,24,seamless,24,3840x2160,center/lower stage remains unobstructed; follow matching still master,separate optional pass,wind/water/practicals as applicable,none for loops; motivated only for transition,separate optional pass,location-authentic mountain ambience,approved layered master plus clean plate,2.5D multiplane or controlled video generation,"REQUIRES RUNTIME UPGRADE: current verified runtime accepts procedural cell frames, not environment video",first/last frames match for loops; 8-frame handles for editorial,PLANNED-NOT-CREATED
JV-OVR-CLP-LONG-DAY-SUM-V001,JV-OVR,Westlight Overlook,long environmental loop,Westlight Overlook long environmental loop,"reflection, town POV, sunset",meditative non-distracting motion,45,seamless,24,3840x2160,center/lower stage remains unobstructed; follow matching still master,separate optional pass,wind/water/practicals as applicable,none for loops; motivated only for transition,separate optional pass,location-authentic mountain ambience,approved layered master plus clean plate,2.5D multiplane or controlled video generation,"REQUIRES RUNTIME UPGRADE: current verified runtime accepts procedural cell frames, not environment video",first/last frames match for loops; 8-frame handles for editorial,PLANNED-NOT-CREATED
JV-OVR-CLP-TRV-DAY-SUM-V001,JV-OVR,Westlight Overlook,travel transition,Westlight Overlook travel transition,"reflection, town POV, sunset",forward or lateral camera travel,10,non-looping,24,3840x2160,center/lower stage remains unobstructed; follow matching still master,separate optional pass,wind/water/practicals as applicable,none for loops; motivated only for transition,separate optional pass,location-authentic mountain ambience,approved layered master plus clean plate,2.5D multiplane or controlled video generation,"REQUIRES RUNTIME UPGRADE: current verified runtime accepts procedural cell frames, not environment video",first/last frames match for loops; 8-frame handles for editorial,PLANNED-NOT-CREATED
JV-TRH-CLP-MIC-DAY-SUM-V001,JV-TRH,Meadow Trailhead,micro insert,Meadow Trailhead micro insert,"arrival, parking, gear, departures",subtle local action,3,non-looping,24,3840x2160,center/lower stage remains unobstructed; follow matching still master,separate optional pass,wind/water/practicals as applicable,none for loops; motivated only for transition,separate optional pass,location-authentic meadow ambience,approved layered master plus clean plate,2.5D multiplane or controlled video generation,"REQUIRES RUNTIME UPGRADE: current verified runtime accepts procedural cell frames, not environment video",first/last frames match for loops; 8-frame handles for editorial,PLANNED-NOT-CREATED
JV-TRH-CLP-EST-DAY-SUM-V001,JV-TRH,Meadow Trailhead,establishing move,Meadow Trailhead establishing move,"arrival, parking, gear, departures",slow push or drift,8,non-looping,24,3840x2160,center/lower stage remains unobstructed; follow matching still master,separate optional pass,wind/water/practicals as applicable,none for loops; motivated only for transition,separate optional pass,location-authentic meadow ambience,approved layered master plus clean plate,2.5D multiplane or controlled video generation,"REQUIRES RUNTIME UPGRADE: current verified runtime accepts procedural cell frames, not environment video",first/last frames match for loops; 8-frame handles for editorial,PLANNED-NOT-CREATED
JV-TRH-CLP-AMB-DAY-SUM-V001,JV-TRH,Meadow Trailhead,ambient loop,Meadow Trailhead ambient loop,"arrival, parking, gear, departures","foliage, water, practical light only",16,seamless,24,3840x2160,center/lower stage remains unobstructed; follow matching still master,separate optional pass,wind/water/practicals as applicable,none for loops; motivated only for transition,separate optional pass,location-authentic meadow ambience,approved layered master plus clean plate,2.5D multiplane or controlled video generation,"REQUIRES RUNTIME UPGRADE: current verified runtime accepts procedural cell frames, not environment video",first/last frames match for loops; 8-frame handles for editorial,PLANNED-NOT-CREATED
JV-TRH-CLP-DLG-DAY-SUM-V001,JV-TRH,Meadow Trailhead,dialogue loop,Meadow Trailhead dialogue loop,"arrival, parking, gear, departures",very low-amplitude background motion,24,seamless,24,3840x2160,center/lower stage remains unobstructed; follow matching still master,separate optional pass,wind/water/practicals as applicable,none for loops; motivated only for transition,separate optional pass,location-authentic meadow ambience,approved layered master plus clean plate,2.5D multiplane or controlled video generation,"REQUIRES RUNTIME UPGRADE: current verified runtime accepts procedural cell frames, not environment video",first/last frames match for loops; 8-frame handles for editorial,PLANNED-NOT-CREATED
JV-TRH-CLP-LONG-DAY-SUM-V001,JV-TRH,Meadow Trailhead,long environmental loop,Meadow Trailhead long environmental loop,"arrival, parking, gear, departures",meditative non-distracting motion,45,seamless,24,3840x2160,center/lower stage remains unobstructed; follow matching still master,separate optional pass,wind/water/practicals as applicable,none for loops; motivated only for transition,separate optional pass,location-authentic meadow ambience,approved layered master plus clean plate,2.5D multiplane or controlled video generation,"REQUIRES RUNTIME UPGRADE: current verified runtime accepts procedural cell frames, not environment video",first/last frames match for loops; 8-frame handles for editorial,PLANNED-NOT-CREATED
JV-TRH-CLP-TRV-DAY-SUM-V001,JV-TRH,Meadow Trailhead,travel transition,Meadow Trailhead travel transition,"arrival, parking, gear, departures",forward or lateral camera travel,10,non-looping,24,3840x2160,center/lower stage remains unobstructed; follow matching still master,separate optional pass,wind/water/practicals as applicable,none for loops; motivated only for transition,separate optional pass,location-authentic meadow ambience,approved layered master plus clean plate,2.5D multiplane or controlled video generation,"REQUIRES RUNTIME UPGRADE: current verified runtime accepts procedural cell frames, not environment video",first/last frames match for loops; 8-frame handles for editorial,PLANNED-NOT-CREATED
JV-ENT-CLP-MIC-DAY-SUM-V001,JV-ENT,Joeville East Gate,micro insert,Joeville East Gate micro insert,town arrival and departure,subtle local action,3,non-looping,24,3840x2160,center/lower stage remains unobstructed; follow matching still master,separate optional pass,wind/water/practicals as applicable,none for loops; motivated only for transition,separate optional pass,location-authentic residential ambience,approved layered master plus clean plate,2.5D multiplane or controlled video generation,"REQUIRES RUNTIME UPGRADE: current verified runtime accepts procedural cell frames, not environment video",first/last frames match for loops; 8-frame handles for editorial,PLANNED-NOT-CREATED
JV-ENT-CLP-EST-DAY-SUM-V001,JV-ENT,Joeville East Gate,establishing move,Joeville East Gate establishing move,town arrival and departure,slow push or drift,8,non-looping,24,3840x2160,center/lower stage remains unobstructed; follow matching still master,separate optional pass,wind/water/practicals as applicable,none for loops; motivated only for transition,separate optional pass,location-authentic residential ambience,approved layered master plus clean plate,2.5D multiplane or controlled video generation,"REQUIRES RUNTIME UPGRADE: current verified runtime accepts procedural cell frames, not environment video",first/last frames match for loops; 8-frame handles for editorial,PLANNED-NOT-CREATED
JV-ENT-CLP-AMB-DAY-SUM-V001,JV-ENT,Joeville East Gate,ambient loop,Joeville East Gate ambient loop,town arrival and departure,"foliage, water, practical light only",16,seamless,24,3840x2160,center/lower stage remains unobstructed; follow matching still master,separate optional pass,wind/water/practicals as applicable,none for loops; motivated only for transition,separate optional pass,location-authentic residential ambience,approved layered master plus clean plate,2.5D multiplane or controlled video generation,"REQUIRES RUNTIME UPGRADE: current verified runtime accepts procedural cell frames, not environment video",first/last frames match for loops; 8-frame handles for editorial,PLANNED-NOT-CREATED
JV-ENT-CLP-DLG-DAY-SUM-V001,JV-ENT,Joeville East Gate,dialogue loop,Joeville East Gate dialogue loop,town arrival and departure,very low-amplitude background motion,24,seamless,24,3840x2160,center/lower stage remains unobstructed; follow matching still master,separate optional pass,wind/water/practicals as applicable,none for loops; motivated only for transition,separate optional pass,location-authentic residential ambience,approved layered master plus clean plate,2.5D multiplane or controlled video generation,"REQUIRES RUNTIME UPGRADE: current verified runtime accepts procedural cell frames, not environment video",first/last frames match for loops; 8-frame handles for editorial,PLANNED-NOT-CREATED
JV-ENT-CLP-LONG-DAY-SUM-V001,JV-ENT,Joeville East Gate,long environmental loop,Joeville East Gate long environmental loop,town arrival and departure,meditative non-distracting motion,45,seamless,24,3840x2160,center/lower stage remains unobstructed; follow matching still master,separate optional pass,wind/water/practicals as applicable,none for loops; motivated only for transition,separate optional pass,location-authentic residential ambience,approved layered master plus clean plate,2.5D multiplane or controlled video generation,"REQUIRES RUNTIME UPGRADE: current verified runtime accepts procedural cell frames, not environment video",first/last frames match for loops; 8-frame handles for editorial,PLANNED-NOT-CREATED
JV-ENT-CLP-TRV-DAY-SUM-V001,JV-ENT,Joeville East Gate,travel transition,Joeville East Gate travel transition,town arrival and departure,forward or lateral camera travel,10,non-looping,24,3840x2160,center/lower stage remains unobstructed; follow matching still master,separate optional pass,wind/water/practicals as applicable,none for loops; motivated only for transition,separate optional pass,location-authentic residential ambience,approved layered master plus clean plate,2.5D multiplane or controlled video generation,"REQUIRES RUNTIME UPGRADE: current verified runtime accepts procedural cell frames, not environment video",first/last frames match for loops; 8-frame handles for editorial,PLANNED-NOT-CREATED
